,word
0,abed
1,abet
2,aced
3,aged
4,aped
5,awed
6,axed
7,abut
8,acer
9,aces
10,acid
11,iced
12,ages
13,apes
14,apex
15,sped
16,awes
17,owed
18,axes
19,aver
20,acts
21,ales
22,ares
23,ices
24,amid
25,arid
26,avid
27,seed
28,shed
29,sled
30,spec
31,spew
32,spud
33,sued
34,awls
35,awns
36,ewes
37,owes
38,axis
39,exes
40,ever
41,over
42,ants
43,arts
44,alas
45,albs
46,alms
47,alps
48,arcs
49,area
50,arks
51,arms
52,ires
53,ores
54,ides
55,aria
56,grid
57,deed
58,feed
59,geed
60,heed
61,meed
62,need
63,peed
64,reed
65,seen
66,sees
67,seek
68,seem
69,seep
70,seer
71,send
72,teed
73,weed
74,shad
75,shew
76,shod
77,bled
78,fled
79,slew
80,slid
81,skew
82,stew
83,scud
84,spun
85,spur
86,stud
87,cued
88,hued
89,rued
90,sues
91,suet
92,surd
93,ails
94,owls
95,owns
96,eves
97,ewer
98,eyes
99,odes
100,ones
101,even
102,oner
103,oven
104,ante
105,anti
106,anus
107,arty
108,aims
109,elms
110,amps
111,asps
112,arch
113,urea
114,asks
115,auks
116,irks
117,army
118,iris
119,orbs
120,idea
121,idem
122,grad
123,grim
124,grin
125,grip
126,grit
127,dead
128,deem
129,deep
130,deer
131,died
132,dyed
133,fees
134,feel
135,fend
136,feud
137,feet
138,gees
139,geek
140,geld
141,head
142,heel
143,held
144,herd
145,hied
146,mead
147,meek
148,meet
149,meld
150,mend
151,nerd
152,pees
153,peek
154,peel
155,peen
156,peep
157,peer
158,pied
159,read
160,reef
161,reek
162,reel
163,rend
164,been
165,keen
166,sewn
167,teen
168,bees
169,lees
170,seas
171,sets
172,sews
173,tees
174,wees
175,leek
176,week
177,seam
178,stem
179,teem
180,beep
181,jeep
182,keep
183,step
184,weep
185,beer
186,jeer
187,leer
188,sear
189,veer
190,weer
191,bend
192,lend
193,sand
194,sent
195,tend
196,vend
197,wend
198,tied
199,toed
200,weld
201,scad
202,sham
203,shay
204,chew
205,phew
206,show
207,whew
208,shoe
209,shoo
210,shot
211,shop
212,blew
213,bred
214,flea
215,flee
216,flex
217,flew
218,clew
219,slaw
220,slow
221,said
222,skid
223,slim
224,slip
225,slit
226,stet
227,stow
228,scum
229,shun
230,span
231,spin
232,stun
233,slur
234,sour
235,spar
236,stub
237,cred
238,cues
239,curd
240,hues
241,rues
242,dues
243,subs
244,suds
245,sums
246,suns
247,sups
248,duet
249,suit
250,sure
251,surf
252,aids
253,airs
254,mils
255,nils
256,oils
257,byes
258,dyes
259,eyed
260,lyes
261,ryes
262,odds
263,onus
264,omen
265,open
266,oxen
267,dims
268,vims
269,elks
270,ells
271,imps
272,umps
273,ilks
274,inks
275,ibis
276,ilea
277,item
278,brad
279,glad
280,goad
281,grab
282,gram
283,gran
284,gray
285,trad
286,brim
287,prim
288,trim
289,gain
290,drip
291,trip
292,gait
293,writ
294,bead
295,deaf
296,deal
297,dean
298,dear
299,dyad
300,lead
301,doer
302,dyer
303,dies
304,diet
305,lied
306,vied
307,fens
308,fess
309,foes
310,fell
311,fuel
312,keel
313,find
314,fond
315,fund
316,beet
317,feat
318,felt
319,fret
320,gels
321,gems
322,gens
323,gets
324,goes
325,gild
326,gold
327,veld
328,heal
329,heap
330,hear
331,heat
332,helm
333,help
334,hold
335,hard
336,herb
337,here
338,hero
339,hers
340,hies
341,hind
342,meal
343,mean
344,meat
345,melt
346,mild
347,mold
348,menu
349,mind
350,peas
351,pecs
352,pegs
353,pens
354,peps
355,pets
356,pews
357,pies
358,peak
359,peck
360,perk
361,peal
362,peon
363,prep
364,pear
365,pier
366,real
367,ream
368,reap
369,rear
370,road
371,beef
372,rand
373,rent
374,rind
375,bean
376,sown
377,tern
378,then
379,beds
380,begs
381,bets
382,beys
383,leas
384,legs
385,leis
386,lens
387,less
388,lets
389,lies
390,seal
391,seat
392,spas
393,teas
394,yeas
395,jets
396,nets
397,sett
398,sits
399,sots
400,vets
401,wets
402,dews
403,hews
404,mews
405,news
406,saws
407,sows
408,yews
409,tens
410,ties
411,toes
412,webs
413,weds
414,wens
415,woes
416,leak
417,weak
418,beam
419,scam
420,slam
421,spam
422,swam
423,team
424,term
425,them
426,jeez
427,kelp
428,stop
429,bear
430,bier
431,fear
432,gear
433,near
434,scar
435,soar
436,star
437,tear
438,wear
439,year
440,weir
441,band
442,bent
443,bind
444,bond
445,land
446,lent
447,hand
448,sane
449,sang
450,sans
451,sank
452,wand
453,cent
454,dent
455,gent
456,went
457,pent
458,sect
459,tent
460,vent
461,wind
462,tier
463,told
464,toad
465,well
466,welt
467,wild
468,wold
469,scab
470,scan
471,scat
472,shim
473,wham
474,slay
475,spay
476,stay
477,sway
478,chef
479,chow
480,crew
481,dhow
482,scow
483,snow
484,whee
485,when
486,whet
487,whey
488,sloe
489,shut
490,slot
491,snot
492,soot
493,spot
494,swot
495,chop
496,ship
497,slop
498,whop
499,blow
500,brew
501,plea
502,floe
503,flue
504,free
505,glee
506,flax
507,flux
508,flaw
509,flow
510,claw
511,clef
512,slab
513,slag
514,slap
515,slat
516,glow
517,plow
518,slob
519,slog
520,laid
521,maid
522,paid
523,raid
524,sail
525,skis
526,skim
527,skin
528,skip
529,skit
530,slum
531,swim
532,blip
533,clip
534,flip
535,snip
536,flit
537,snit
538,spit
539,swum
540,shin
541,spat
542,swan
543,spiv
544,blur
545,slue
546,slug
547,dour
548,four
549,hour
550,lour
551,pour
552,sous
553,souk
554,soul
555,soup
556,tour
557,your
558,snub
559,stab
560,crud
561,cubs
562,cuds
563,cups
564,curs
565,cuss
566,cuts
567,card
568,cord
569,curb
570,cure
571,curl
572,curt
573,hubs
574,hugs
575,hums
576,huts
577,rubs
578,rugs
579,rums
580,runs
581,ruts
582,does
583,dubs
584,duds
585,duel
586,dugs
587,duns
588,duos
589,nubs
590,pubs
591,sobs
592,tubs
593,buds
594,muds
595,puds
596,sods
597,bums
598,gums
599,mums
600,sumo
601,sump
602,tums
603,buns
604,funs
605,guns
606,nuns
607,puns
608,sins
609,sung
610,sunk
611,sons
612,tuns
613,pups
614,saps
615,sips
616,sops
617,duct
618,dust
619,quit
620,lure
621,pure
622,sere
623,sire
624,sore
625,serf
626,turf
627,adds
628,aide
629,bids
630,kids
631,lids
632,rids
633,airy
634,firs
635,sirs
636,mile
637,milk
638,mill
639,milt
640,miss
641,nibs
642,nips
643,nits
644,oily
645,olds
646,opus
647,amen
648,dams
649,dibs
650,digs
651,dime
652,dins
653,dips
654,vies
655,ills
656,inky
657,inns
658,obis
659,ilia
660,bras
661,brae
662,brag
663,bran
664,brat
665,bray
666,clad
667,goal
668,goat
669,good
670,load
671,woad
672,crab
673,drab
674,grub
675,cram
676,dram
677,pram
678,tram
679,dray
680,fray
681,pray
682,tray
683,trap
684,trod
685,brig
686,brio
687,prig
688,prom
689,trig
690,trio
691,fain
692,lain
693,main
694,pain
695,rain
696,vain
697,wain
698,drop
699,bait
700,wait
701,whit
702,beak
703,beat
704,beau
705,leaf
706,dell
707,dial
708,dual
709,teal
710,veal
711,weal
712,zeal
713,jean
714,lean
715,wean
716,leap
717,door
718,goer
719,dint
720,dirt
721,lief
722,lien
723,lieu
724,view
725,dens
726,fans
727,fins
728,hens
729,kens
730,yens
731,fuss
732,mess
733,fobs
734,fogs
735,fops
736,noes
737,bell
738,cell
739,fall
740,fill
741,full
742,jell
743,sell
744,tell
745,yell
746,furl
747,fine
748,kind
749,fold
750,font
751,food
752,ford
753,pond
754,funk
755,belt
756,best
757,fiat
758,flat
759,frat
760,neat
761,peat
762,teat
763,pelt
764,gals
765,gyms
766,hems
767,gene
768,gins
769,guts
770,gobs
771,gods
772,goos
773,gill
774,gilt
775,gird
776,bold
777,cold
778,golf
779,sold
780,vela
781,hemp
782,neap
783,heir
784,hoar
785,heft
786,yelp
787,hole
788,holy
789,hood
790,bard
791,hare
792,hark
793,harm
794,harp
795,hart
796,lard
797,ward
798,yard
799,verb
800,were
801,heme
802,hire
803,mere
804,zero
805,hips
806,hiss
807,hits
808,hint
809,mewl
810,moan
811,moat
812,malt
813,molt
814,mole
815,mood
816,mine
817,mini
818,mink
819,mint
820,minx
821,kegs
822,megs
823,pigs
824,pugs
825,pans
826,pins
827,paps
828,pips
829,pops
830,reps
831,pats
832,pits
833,pots
834,puts
835,paws
836,teak
837,beck
838,deck
839,heck
840,neck
841,pack
842,pick
843,pock
844,puck
845,jerk
846,park
847,perm
848,pert
849,pork
850,neon
851,prey
852,prop
853,kier
854,rial
855,roam
856,roar
857,roan
858,rood
859,rank
860,rant
861,rest
862,runt
863,ring
864,rink
865,down
866,gown
867,soon
868,town
869,fern
870,tarn
871,torn
872,turn
873,than
874,thee
875,they
876,thin
877,bads
878,bods
879,reds
880,zeds
881,bags
882,bogs
883,bugs
884,bats
885,beta
886,bits
887,bays
888,boys
889,buys
890,keys
891,lags
892,logs
893,lugs
894,lass
895,lest
896,loss
897,lats
898,lits
899,lots
900,lips
901,swat
902,yeah
903,jots
904,juts
905,nett
906,nuts
907,fits
908,kits
909,sics
910,site
911,wits
912,zits
913,cots
914,dots
915,mots
916,rots
917,sols
918,soys
919,tots
920,vats
921,veto
922,debs
923,dewy
924,haws
925,maws
926,mows
927,newt
928,nows
929,caws
930,jaws
931,laws
932,raws
933,sacs
934,sags
935,sass
936,says
937,yaws
938,bows
939,cows
940,lows
941,rows
942,tows
943,vows
944,wows
945,tans
946,tins
947,tons
948,tics
949,tips
950,togs
951,toms
952,tops
953,tors
954,toss
955,toys
956,wads
957,wans
958,wins
959,woks
960,woos
961,berm
962,clam
963,swab
964,swag
965,swap
966,germ
967,ahem
968,atop
969,boar
970,soak
971,soap
972,stag
973,stir
974,whir
975,bald
976,bans
977,bane
978,bang
979,bank
980,baud
981,bunt
982,bins
983,bird
984,bone
985,bong
986,bonk
987,bony
988,lane
989,lank
990,laud
991,left
992,lint
993,hang
994,hank
995,cane
996,mane
997,pane
998,safe
999,sage
1000,sake
1001,sale
1002,same
1003,sate
1004,save
1005,sine
1006,vane
1007,wane
1008,dang
1009,fang
1010,gang
1011,pang
1012,sing
1013,song
1014,tang
1015,yang
1016,cans
1017,mans
1018,vans
1019,dank
1020,sack
1021,sink
1022,tank
1023,yank
1024,want
1025,cant
1026,debt
1027,deft
1028,deny
1029,wept
1030,weft
1031,west
1032,wont
1033,pant
1034,pest
1035,pint
1036,punt
1037,test
1038,text
1039,tint
1040,vest
1041,wine
1042,wing
1043,wink
1044,winy
1045,tole
1046,toll
1047,wall
1048,will
1049,wilt
1050,wile
1051,wily
1052,wolf
1053,wood
1054,word
1055,shiv
1056,whim
1057,what
1058,whom
1059,clay
1060,flay
1061,play
1062,spry
1063,away
1064,choc
1065,crow
1066,craw
1067,drew
1068,grew
1069,know
1070,snob
1071,snog
1072,ghee
1073,wren
1074,aloe
1075,blot
1076,clot
1077,plot
1078,knot
1079,boot
1080,coot
1081,foot
1082,hoot
1083,loot
1084,moot
1085,root
1086,soft
1087,sort
1088,toot
1089,chap
1090,chip
1091,clop
1092,coop
1093,crop
1094,whip
1095,flop
1096,glop
1097,plop
1098,whoa
1099,blob
1100,bloc
1101,brow
1102,pleb
1103,flog
1104,blue
1105,clue
1106,flus
1107,flub
1108,glue
1109,tree
1110,glen
1111,flab
1112,flag
1113,flak
1114,flan
1115,flap
1116,clan
1117,clap
1118,blab
1119,snag
1120,snap
1121,glob
1122,grow
1123,plod
1124,ploy
1125,prow
1126,clog
1127,smog
1128,lair
1129,mail
1130,maim
1131,pail
1132,pair
1133,rail
1134,bail
1135,fail
1136,hail
1137,jail
1138,nail
1139,soil
1140,tail
1141,wail
1142,akin
1143,alum
1144,glum
1145,plum
1146,swig
1147,knit
1148,unit
1149,chin
1150,plug
1151,smug
1152,snug
1153,foul
1154,loud
1155,lout
1156,poor
1157,pouf
1158,pout
1159,nous
1160,yous
1161,sock
1162,coup
1163,tout
1164,crux
1165,cabs
1166,cobs
1167,cube
1168,cads
1169,cods
1170,caps
1171,cops
1172,burs
1173,cars
1174,furs
1175,ours
1176,buss
1177,cusp
1178,muss
1179,cats
1180,cute
1181,outs
1182,tuts
1183,care
1184,carp
1185,cart
1186,core
1187,cork
1188,corm
1189,corn
1190,lord
1191,burl
1192,cull
1193,hurl
1194,purl
1195,cult
1196,hurt
1197,yurt
1198,hobs
1199,fugs
1200,hags
1201,hogs
1202,huge
1203,jugs
1204,mugs
1205,tugs
1206,hams
1207,hats
1208,ribs
1209,robs
1210,ruby
1211,rags
1212,rigs
1213,rams
1214,rump
1215,rung
1216,rune
1217,rats
1218,docs
1219,dogs
1220,dons
1221,doss
1222,dabs
1223,dads
1224,dude
1225,dull
1226,dags
1227,dune
1228,dung
1229,dunk
1230,nabs
1231,nobs
1232,bobs
1233,jobs
1234,lobs
1235,mobs
1236,yobs
1237,tabs
1238,tuba
1239,tube
1240,mods
1241,pads
1242,pods
1243,hods
1244,nods
1245,rods
1246,soda
1247,bump
1248,guys
1249,moms
1250,dump
1251,jump
1252,lump
1253,pump
1254,tams
1255,bung
1256,bunk
1257,gunk
1258,punk
1259,puny
1260,yins
1261,hung
1262,lung
1263,hunk
1264,junk
1265,suck
1266,sulk
1267,cons
1268,eons
1269,ions
1270,tuna
1271,tune
1272,pupa
1273,baps
1274,gaps
1275,haps
1276,laps
1277,maps
1278,naps
1279,raps
1280,taps
1281,yaps
1282,zaps
1283,kips
1284,rips
1285,yips
1286,zips
1287,bops
1288,hops
1289,lops
1290,mops
1291,oops
1292,duck
1293,bust
1294,dusk
1295,gust
1296,just
1297,must
1298,oust
1299,rust
1300,quid
1301,quin
1302,quip
1303,quiz
1304,lire
1305,lore
1306,lube
1307,luge
1308,lurk
1309,lute
1310,lyre
1311,pare
1312,pore
1313,puce
1314,puke
1315,pule
1316,purr
1317,pyre
1318,dire
1319,fire
1320,mire
1321,side
1322,size
1323,tire
1324,wire
1325,bore
1326,fore
1327,gore
1328,more
1329,sole
1330,some
1331,tore
1332,wore
1333,yore
1334,self
1335,ados
1336,bide
1337,hide
1338,ride
1339,tide
1340,wide
1341,bias
1342,bibs
1343,kiss
1344,lads
1345,lido
1346,awry
1347,miry
1348,wiry
1349,fibs
1350,figs
1351,firm
1352,bile
1353,file
1354,male
1355,mike
1356,mime
1357,mite
1358,mice
1359,mule
1360,pile
1361,rile
1362,tile
1363,vile
1364,bilk
1365,silk
1366,bill
1367,dill
1368,hill
1369,kill
1370,mall
1371,mull
1372,pill
1373,rill
1374,sill
1375,till
1376,hilt
1377,jilt
1378,kilt
1379,lilt
1380,mist
1381,mitt
1382,silt
1383,tilt
1384,mass
1385,moss
1386,jibs
1387,lily
1388,only
1389,opts
1390,cams
1391,dais
1392,damp
1393,days
1394,jams
1395,lams
1396,yams
1397,gigs
1398,jigs
1399,wigs
1400,dice
1401,dike
1402,dine
1403,dive
1404,dome
1405,lime
1406,rime
1407,time
1408,ding
1409,icky
1410,obit
1411,baas
1412,boas
1413,eras
1414,crag
1415,drag
1416,boat
1417,drat
1418,prat
1419,clod
1420,coal
1421,foal
1422,coat
1423,ghat
1424,gnat
1425,gout
1426,goof
1427,goon
1428,goop
1429,loaf
1430,loam
1431,loan
1432,crib
1433,draw
1434,drub
1435,drum
1436,trey
1437,troy
1438,wrap
1439,prod
1440,trot
1441,from
1442,pros
1443,prof
1444,twig
1445,fair
1446,faun
1447,fawn
1448,lawn
1449,loin
1450,pawn
1451,rein
1452,ruin
1453,vein
1454,waif
1455,warn
1456,baht
1457,bast
1458,waft
1459,wart
1460,watt
1461,chit
1462,whiz
1463,deli
1464,doll
1465,vial
1466,veil
1467,boor
1468,doom
1469,moor
1470,dart
1471,dirk
1472,fief
1473,limn
1474,lion
1475,mien
1476,fads
1477,fats
1478,fays
1479,keno
1480,fuse
1481,mesa
1482,mesh
1483,cogs
1484,fogy
1485,jogs
1486,ball
1487,boll
1488,bull
1489,call
1490,gall
1491,hall
1492,pall
1493,tall
1494,film
1495,gull
1496,hull
1497,lull
1498,nan
1499,pull
1500,fury
1501,fife
1502,five
1503,kine
1504,line
1505,nine
1506,pine
1507,tine
1508,vine
1509,king
1510,kink
1511,folk
1512,fort
1513,fool
1514,fork
1515,form
1516,pone
1517,pong
1518,pony
1519,bolt
1520,jest
1521,nest
1522,zest
1523,fist
1524,next
1525,that
1526,pelf
1527,gabs
1528,gads
1529,gags
1530,gala
1531,gale
1532,gars
1533,gays
1534,pals
1535,gone
1536,boos
1537,coos
1538,loos
1539,moos
1540,zoos
1541,girl
1542,gift
1543,gist
1544,giro
1545,bola
1546,bole
1547,cola
1548,colt
1549,gulf
1550,solo
1551,temp
1552,hair
1553,hoax
1554,haft
1555,dole
1556,hale
1557,home
1558,hone
1559,hope
1560,hose
1561,pole
1562,role
1563,vole
1564,hoof
1565,hook
1566,hoop
1567,bars
1568,barb
1569,bare
1570,barf
1571,bark
1572,barn
1573,dare
1574,fare
1575,hake
1576,hate
1577,have
1578,haze
1579,mare
1580,rare
1581,tare
1582,ware
1583,dark
1584,hack
1585,hawk
1586,lark
1587,mark
1588,farm
1589,warm
1590,hasp
1591,tarp
1592,warp
1593,halt
1594,mart
1595,part
1596,tart
1597,wars
1598,wary
1599,yarn
1600,very
1601,hike
1602,hive
1603,mete
1604,hunt
1605,moon
1606,morn
1607,most
1608,mast
1609,salt
1610,jolt
1611,volt
1612,mode
1613,mope
1614,mote
1615,moue
1616,move
1617,midi
1618,link
1619,monk
1620,oink
1621,pink
1622,jinx
1623,pars
1624,pass
1625,pays
1626,ping
1627,papa
1628,pipe
1629,pols
1630,pope
1631,refs
1632,revs
1633,eats
1634,mats
1635,oats
1636,pate
1637,path
1638,tats
1639,pita
1640,pith
1641,pity
1642,putt
1643,pawl
1644,back
1645,bock
1646,buck
1647,deco
1648,desk
1649,dock
1650,hick
1651,hock
1652,nick
1653,jack
1654,lack
1655,mack
1656,pace
1657,pact
1658,rack
1659,tack
1660,kick
1661,lick
1662,pica
1663,rick
1664,sick
1665,tick
1666,wick
1667,jock
1668,lock
1669,mock
1670,rock
1671,luck
1672,muck
1673,ruck
1674,tuck
1675,para
1676,port
1677,work
1678,noon
1679,foam
1680,room
1681,roof
1682,rook
1683,raft
1684,rapt
1685,aunt
1686,ting
1687,zing
1688,risk
1689,dawn
1690,boon
1691,loon
1692,earn
1693,tars
1694,taro
1695,born
1696,horn
1697,tort
1698,tori
1699,worn
1700,burn
1701,khan
1702,thaw
1703,twee
1704,this
1705,twin
1706,bass
1707,tads
1708,bode
1709,body
1710,boss
1711,redo
1712,jags
1713,nags
1714,tags
1715,wags
1716,bate
1717,bath
1718,zeta
1719,bite
1720,cays
1721,hays
1722,jays
1723,lays
1724,mays
1725,nays
1726,rays
1727,ways
1728,joys
1729,labs
1730,lacs
1731,lavs
1732,loge
1733,logo
1734,logy
1735,lash
1736,last
1737,list
1738,lost
1739,lose
1740,late
1741,lath
1742,lite
1743,jute
1744,kite
1745,kith
1746,cite
1747,rite
1748,with
1749,cote
1750,dote
1751,moth
1752,rota
1753,rote
1754,tote
1755,vacs
1756,defy
1757,macs
1758,mars
1759,jabs
1760,jars
1761,saga
1762,sago
1763,sash
1764,yaks
1765,yawl
1766,yawn
1767,bowl
1768,cowl
1769,taus
1770,tiny
1771,tone
1772,toga
1773,tomb
1774,tome
1775,wade
1776,wadi
1777,woke
1778,woof
1779,wool
1780,berg
1781,atom
1782,bale
1783,balk
1784,balm
1785,babe
1786,bake
1787,base
1788,bask
1789,butt
1790,cone
1791,done
1792,lone
1793,none
1794,zone
1795,gong
1796,long
1797,book
1798,conk
1799,honk
1800,wonk
1801,boxy
1802,cony
1803,lace
1804,lade
1805,lake
1806,lame
1807,lave
1808,laze
1809,lift
1810,loft
1811,lino
1812,cafe
1813,cage
1814,cake
1815,cape
1816,case
1817,cave
1818,came
1819,mace
1820,made
1821,make
1822,many
1823,mate
1824,maze
1825,page
1826,pale
1827,pave
1828,rage
1829,wage
1830,fake
1831,rake
1832,take
1833,wake
1834,dale
1835,kale
1836,tale
1837,vale
1838,wale
1839,fame
1840,game
1841,name
1842,tame
1843,date
1844,fate
1845,gate
1846,rate
1847,gave
1848,nave
1849,rave
1850,wave
1851,vase
1852,talk
1853,task
1854,cast
1855,daft
1856,kept
1857,wort
1858,past
1859,peso
1860,post
1861,psst
1862,vast
1863,wife
1864,wipe
1865,wise
1866,wive
1867,loll
1868,poll
1869,roll
1870,toil
1871,tool
1872,walk
1873,worm
1874,chat
1875,cloy
1876,plan
1877,chic
1878,knob
1879,knew
1880,boom
1881,bout
1882,cook
1883,cool
1884,cost
1885,host
1886,look
1887,loom
1888,loop
1889,riot
1890,rout
1891,sift
1892,sofa
1893,took
1894,char
1895,chis
1896,frog
1897,club
1898,plus
1899,glut
1900,trek
1901,true
1902,elan
1903,cyan
1904,blah
1905,glib
1906,grog
1907,marl
1908,maul
1909,moil
1910,roil
1911,bawl
1912,boil
1913,foil
1914,haul
1915,naif
1916,coil
1917,arum
1918,fowl
1919,poof
1920,pooh
1921,pool
1922,poet
1923,noun
1924,taut
1925,coda
1926,code
1927,capo
1928,cope
1929,copy
1930,burg
1931,burp
1932,burr
1933,bury
1934,ears
1935,oars
1936,bush
1937,busk
1938,busy
1939,muse
1940,mush
1941,musk
1942,mute
1943,tutu
1944,camp
1945,coke
1946,come
1947,cove
1948,dorm
1949,norm
1950,hobo
1951,robe
1952,ramp
1953,romp
1954,rule
1955,ruse
1956,doge
1957,dose
1958,dado
1959,duke
1960,dupe
1961,nude
1962,duly
1963,dyne
1964,lobe
1965,node
1966,rode
1967,dumb
1968,lamp
1969,limp
1970,pomp
1971,pulp
1972,puma
1973,tamp
1974,bulk
1975,hulk
1976,husk
1977,such
1978,gape
1979,nape
1980,tape
1981,ripe
1982,lope
1983,oohs
1984,disk
1985,rusk
1986,tusk
1987,gush
1988,mutt
1989,rush
1990,quad
1991,life
1992,like
1993,lira
1994,live
1995,lode
1996,love
1997,murk
1998,byre
1999,poke
2000,pose
2001,nuke
2002,pike
2003,gory
2004,yoke
2005,bike
2006,rice
2007,rife
2008,rise
2009,rive
2010,tidy
2011,lady
2012,limo
2013,ludo
2014,mica
2015,nice
2016,vice
2017,vibe
2018,vise
2019,silo
2020,kiln
2021,kilo
2022,mash
2023,mask
2024,mosh
2025,jibe
2026,vamp
2027,drys
2028,jamb
2029,lama
2030,lamb
2031,dace
2032,diva
2033,dove
2034,give
2035,jive
2036,dope
2037,doze
2038,limb
2039,omit
2040,ergs
2041,errs
2042,etas
2043,drug
2044,coax
2045,gnaw
2046,daub
2047,join
2048,bash
2049,east
2050,fast
2051,viol
2052,zoom
2053,kirk
2054,fade
2055,fume
2056,foxy
2057,bulb
2058,calf
2059,calm
2060,half
2061,halo
2062,palm
2063,talc
2064,gulp
2065,hula
2066,lulu
2067,jury
2068,vino
2069,yolk
2070,poky
2071,posy
2072,fish
2073,gaga
2074,gaze
2075,garb
2076,rift
2077,gyro
2078,kola
2079,coca
2080,coma
2081,guff
2082,polo
2083,hype
2084,rope
2085,nose
2086,rose
2087,rove
2088,roue
2089,vote
2090,kook
2091,nook
2092,daze
2093,face
2094,faro
2095,faze
2096,hazy
2097,raze
2098,race
2099,gawk
2100,gasp
2101,hash
2102,rasp
2103,wasp
2104,tact
2105,nary
2106,vary
2107,wavy
2108,waxy
2109,fete
2110,note
2111,mono
2112,math
2113,oafs
2114,oaks
2115,oath
2116,city
2117,demo
2118,lacy
2119,fact
2120,racy
2121,taco
2122,rich
2123,loch
2124,loco
2125,loci
2126,much
2127,zinc
2128,earl
2129,tyro
2130,phis
2131,thus
2132,bosh
2133,byte
2134,both
2135,mayo
2136,whys
2137,lava
2138,cash
2139,dash
2140,gash
2141,lush
2142,rash
2143,wash
2144,lisp
2145,wish
2146,myth
2147,iota
2148,yowl
2149,howl
2150,jowl
2151,yoga
2152,bomb
2153,comb
2154,womb
2155,jade
2156,joke
2157,baby
2158,ease
2159,cask
2160,cozy
2161,lazy
2162,caff
2163,jape
2164,zany
2165,tyke
2166,gamy
2167,data
2168,navy
2169,cyst
2170,kepi
2171,posh
2172,wisp
2173,anew
2174,knee
2175,cosh
2176,roux
2177,czar
2178,chub
2179,coif
2180,coir
2181,poem
2182,cede
2183,buoy
2184,hush
2185,push
2186,tush
2187,dory
2188,dodo
2189,duty
2190,gimp
2191,ouch
2192,type
2193,disc
2194,dish
2195,gosh
2196,quay
2197,riff
2198,judo
2199,gibe
2200,visa
2201,josh
2202,nosh
2203,iamb
2204,mama
2205,viva
2206,dopa
2207,dozy
2208,ooze
2209,emit
2210,eggs
2211,ergo
2212,john
2213,easy
2214,erst
2215,luau
2216,nosy
2217,rosy
2218,ceca
2219,coco
2220,buff
2221,cuff
2222,duff
2223,gaff
2224,huff
2225,luff
2226,muff
2227,puff
2228,ruff
2229,hypo
2230,razz
2231,gawp
2232,narc
2233,offs
2234,memo
2235,lech
2236,typo
2237,psis
2238,thud
2239,thug
2240,kayo
2241,java
2242,yogi
2243,else
2244,oozy
2245,chug
2246,chum
2247,biff
2248,miff
2249,tiff
2250,edit
2251,emir
2252,exit
2253,egos
2254,coho
2255,doff
2256,jazz
