,words
0,abed
1,abet
2,aced
3,aged
4,aped
5,awed
6,axed
7,abut
8,acer
9,aces
10,acid
11,iced
12,ages
13,apes
14,apex
15,sped
16,awes
17,owed
18,axes
19,aver
20,acts
21,ales
22,ares
23,ices
24,amid
25,arid
26,avid
27,seed
28,shed
29,sled
30,spec
31,spew
32,spud
33,sued
34,awls
35,awns
36,ewes
37,owes
38,axis
39,exes
40,ever
41,over
42,ants
43,arts
44,alas
45,albs
46,alms
47,alps
48,arcs
49,area
50,arks
51,arms
52,ires
53,ores
54,ides
55,aria
56,grid
57,deed
58,feed
59,geed
60,heed
61,meed
62,need
63,peed
64,reed
65,seen
66,sees
67,seek
68,seem
69,seep
70,seer
71,send
72,teed
73,weed
74,shad
75,shew
76,shod
77,bled
78,fled
79,slew
80,slid
81,skew
82,stew
83,scud
84,spun
85,spur
86,stud
87,cued
88,hued
89,rued
90,sues
91,suet
92,surd
93,ails
94,owls
95,owns
96,eves
97,ewer
98,eyes
99,odes
100,ones
101,e'er
102,even
103,o'er
104,oner
105,oven
106,ante
107,anti
108,anus
109,arty
110,aims
111,elms
112,amps
113,asps
114,arch
115,urea
116,asks
117,auks
118,irks
119,army
120,iris
121,orbs
122,idea
123,idem
124,grad
125,grim
126,grin
127,grip
128,grit
129,dead
130,deem
131,deep
132,deer
133,died
134,dyed
135,fees
136,feel
137,fend
138,feud
139,feet
140,gees
141,geek
142,geld
143,head
144,heel
145,held
146,herd
147,hied
148,mead
149,meek
150,meet
151,meld
152,mend
153,nerd
154,pees
155,peek
156,peel
157,peen
158,peep
159,peer
160,pied
161,read
162,reef
163,reek
164,reel
165,rend
166,been
167,keen
168,sewn
169,teen
170,bees
171,lees
172,seas
173,sets
174,sews
175,tees
176,wees
177,leek
178,week
179,seam
180,stem
181,teem
182,beep
183,jeep
184,keep
185,step
186,weep
187,beer
188,jeer
189,leer
190,sear
191,veer
192,weer
193,bend
194,lend
195,sand
196,sent
197,tend
198,vend
199,wend
200,tied
201,toed
202,weld
203,scad
204,sham
205,shay
206,chew
207,phew
208,show
209,whew
210,shoe
211,shoo
212,shot
213,shop
214,blew
215,bred
216,flea
217,flee
218,flex
219,flew
220,clew
221,slaw
222,slow
223,said
224,skid
225,slim
226,slip
227,slit
228,stet
229,stow
230,scum
231,shun
232,span
233,spin
234,stun
235,slur
236,sour
237,spar
238,stub
239,cred
240,cues
241,curd
242,hues
243,rues
244,dues
245,subs
246,suds
247,sums
248,suns
249,sups
250,duet
251,suit
252,sure
253,surf
254,aids
255,airs
256,mils
257,nils
258,oils
259,byes
260,dyes
261,eyed
262,lyes
263,ryes
264,odds
265,onus
266,e'en
267,omen
268,open
269,oxen
270,dims
271,vims
272,elks
273,ells
274,imps
275,umps
276,ilks
277,inks
278,ibis
279,ilea
280,item
281,brad
282,glad
283,goad
284,grab
285,gram
286,gran
287,gray
288,trad
289,brim
290,prim
291,trim
292,gain
293,drip
294,trip
295,gait
296,writ
297,bead
298,deaf
299,deal
300,dean
301,dear
302,dyad
303,lead
304,doer
305,dyer
306,dies
307,diet
308,lied
309,vied
310,fens
311,fess
312,foes
313,fell
314,fuel
315,keel
316,find
317,fond
318,fund
319,beet
320,feat
321,felt
322,fret
323,gels
324,gems
325,gens
326,gets
327,goes
328,gild
329,gold
330,veld
331,heal
332,heap
333,hear
334,heat
335,helm
336,help
337,hold
338,hard
339,herb
340,here
341,hero
342,hers
343,hies
344,hind
345,meal
346,mean
347,meat
348,melt
349,mild
350,mold
351,menu
352,mind
353,peas
354,pecs
355,pegs
356,pens
357,peps
358,pets
359,pews
360,pies
361,peak
362,peck
363,perk
364,peal
365,peon
366,prep
367,pear
368,pier
369,real
370,ream
371,reap
372,rear
373,road
374,beef
375,rand
376,rent
377,rind
378,bean
379,sown
380,tern
381,then
382,beds
383,begs
384,bets
385,beys
386,leas
387,legs
388,leis
389,lens
390,less
391,lets
392,lies
393,seal
394,seat
395,spas
396,teas
397,yeas
398,jets
399,nets
400,sett
401,sits
402,sots
403,vets
404,wets
405,dews
406,hews
407,mews
408,news
409,saws
410,sows
411,yews
412,tens
413,ties
414,toes
415,webs
416,weds
417,wens
418,woes
419,leak
420,weak
421,beam
422,scam
423,slam
424,spam
425,swam
426,team
427,term
428,them
429,jeez
430,kelp
431,stop
432,bear
433,bier
434,fear
435,gear
436,near
437,scar
438,soar
439,star
440,tear
441,wear
442,year
443,weir
444,band
445,bent
446,bind
447,bond
448,land
449,lent
450,hand
451,sane
452,sang
453,sans
454,sank
455,wand
456,cent
457,dent
458,gent
459,went
460,pent
461,sect
462,tent
463,vent
464,wind
465,tier
466,told
467,toad
468,well
469,welt
470,wild
471,wold
472,scab
473,scan
474,scat
475,shim
476,wham
477,slay
478,spay
479,stay
480,sway
481,chef
482,chow
483,crew
484,dhow
485,scow
486,snow
487,whee
488,when
489,whet
490,whey
491,sloe
492,shut
493,slot
494,snot
495,soot
496,spot
497,swot
498,chop
499,ship
500,slop
501,whop
502,blow
503,brew
504,plea
505,floe
506,flue
507,free
508,glee
509,flax
510,flux
511,flaw
512,flow
513,claw
514,clef
515,slab
516,slag
517,slap
518,slat
519,glow
520,plow
521,slob
522,slog
523,laid
524,maid
525,paid
526,raid
527,sail
528,skis
529,skim
530,skin
531,skip
532,skit
533,slum
534,swim
535,blip
536,clip
537,flip
538,snip
539,flit
540,snit
541,spit
542,swum
543,shin
544,spat
545,swan
546,spiv
547,blur
548,slue
549,slug
550,dour
551,four
552,hour
553,lour
554,pour
555,sous
556,souk
557,soul
558,soup
559,tour
560,your
561,snub
562,stab
563,crud
564,cubs
565,cuds
566,cups
567,curs
568,cuss
569,cuts
570,card
571,cord
572,curb
573,cure
574,curl
575,curt
576,hubs
577,hugs
578,hums
579,huts
580,rubs
581,rugs
582,rums
583,runs
584,ruts
585,does
586,dubs
587,duds
588,duel
589,dugs
590,duns
591,duos
592,nubs
593,pubs
594,sobs
595,tubs
596,buds
597,muds
598,puds
599,sods
600,bums
601,gums
602,mums
603,sumo
604,sump
605,tums
606,buns
607,funs
608,guns
609,nuns
610,puns
611,sins
612,sung
613,sunk
614,sons
615,tuns
616,pups
617,saps
618,sips
619,sops
620,duct
621,dust
622,quit
623,lure
624,pure
625,sere
626,sire
627,sore
628,serf
629,turf
630,adds
631,aide
632,bids
633,kids
634,lids
635,rids
636,airy
637,firs
638,sirs
639,mile
640,milk
641,mill
642,milt
643,miss
644,nibs
645,nips
646,nits
647,oily
648,olds
649,opus
650,amen
651,dams
652,dibs
653,digs
654,dime
655,dins
656,dips
657,vies
658,ills
659,inky
660,inns
661,obis
662,ilia
663,bras
664,brae
665,brag
666,bran
667,brat
668,bray
669,clad
670,goal
671,goat
672,good
673,load
674,woad
675,crab
676,drab
677,grub
678,cram
679,dram
680,pram
681,tram
682,dray
683,fray
684,pray
685,tray
686,trap
687,trod
688,brig
689,brio
690,prig
691,prom
692,trig
693,trio
694,fain
695,lain
696,main
697,pain
698,rain
699,vain
700,wain
701,drop
702,bait
703,wait
704,whit
705,beak
706,beat
707,beau
708,leaf
709,dell
710,dial
711,dual
712,teal
713,veal
714,weal
715,zeal
716,jean
717,lean
718,wean
719,leap
720,door
721,goer
722,dint
723,dirt
724,lief
725,lien
726,lieu
727,view
728,dens
729,fans
730,fins
731,hens
732,kens
733,yens
734,fuss
735,mess
736,fobs
737,fogs
738,fops
739,noes
740,bell
741,cell
742,fall
743,fill
744,full
745,jell
746,sell
747,tell
748,yell
749,furl
750,fine
751,kind
752,fold
753,font
754,food
755,ford
756,pond
757,funk
758,belt
759,best
760,fiat
761,flat
762,frat
763,neat
764,peat
765,teat
766,pelt
767,gals
768,gyms
769,hems
770,gene
771,gins
772,guts
773,gobs
774,gods
775,goos
776,gill
777,gilt
778,gird
779,bold
780,cold
781,golf
782,sold
783,vela
784,hemp
785,neap
786,heir
787,hoar
788,heft
789,yelp
790,hole
791,holy
792,hood
793,bard
794,hare
795,hark
796,harm
797,harp
798,hart
799,lard
800,ward
801,yard
802,verb
803,were
804,heme
805,hire
806,mere
807,zero
808,hips
809,hiss
810,hits
811,hint
812,mewl
813,moan
814,moat
815,malt
816,molt
817,mole
818,mood
819,mine
820,mini
821,mink
822,mint
823,minx
824,kegs
825,megs
826,pigs
827,pugs
828,pans
829,pins
830,paps
831,pips
832,pops
833,reps
834,pats
835,pits
836,pots
837,puts
838,paws
839,teak
840,beck
841,deck
842,heck
843,neck
844,pack
845,pick
846,pock
847,puck
848,jerk
849,park
850,perm
851,pert
852,pork
853,neon
854,prey
855,prop
856,kier
857,rial
858,roam
859,roar
860,roan
861,rood
862,rank
863,rant
864,rest
865,runt
866,ring
867,rink
868,down
869,gown
870,soon
871,town
872,fern
873,tarn
874,torn
875,turn
876,than
877,thee
878,they
879,thin
880,bads
881,bods
882,reds
883,zeds
884,bags
885,bogs
886,bugs
887,bats
888,beta
889,bits
890,bays
891,boys
892,buys
893,keys
894,lags
895,logs
896,lugs
897,lass
898,lest
899,loss
900,lats
901,lits
902,lots
903,lips
904,swat
905,yeah
906,jots
907,juts
908,nett
909,nuts
910,fits
911,kits
912,sics
913,site
914,wits
915,zits
916,cots
917,dots
918,mots
919,rots
920,sols
921,soys
922,tots
923,vats
924,veto
925,debs
926,dewy
927,haws
928,maws
929,mows
930,newt
931,nows
932,caws
933,jaws
934,laws
935,raws
936,sacs
937,sags
938,sass
939,says
940,yaws
941,bows
942,cows
943,lows
944,rows
945,tows
946,vows
947,wows
948,tans
949,tins
950,tons
951,tics
952,tips
953,togs
954,toms
955,tops
956,tors
957,toss
958,toys
959,wads
960,wans
961,wins
962,woks
963,woos
964,berm
965,clam
966,swab
967,swag
968,swap
969,germ
970,ahem
971,atop
972,boar
973,soak
974,soap
975,stag
976,stir
977,whir
978,bald
979,bans
980,bane
981,bang
982,bank
983,baud
984,bunt
985,bins
986,bird
987,bone
988,bong
989,bonk
990,bony
991,lane
992,lank
993,laud
994,left
995,lint
996,hang
997,hank
998,cane
999,mane
1000,pane
1001,safe
1002,sage
1003,sake
1004,sale
1005,same
1006,sate
1007,save
1008,sine
1009,vane
1010,wane
1011,dang
1012,fang
1013,gang
1014,pang
1015,sing
1016,song
1017,tang
1018,yang
1019,cans
1020,mans
1021,vans
1022,dank
1023,sack
1024,sink
1025,tank
1026,yank
1027,want
1028,cant
1029,debt
1030,deft
1031,deny
1032,wept
1033,weft
1034,west
1035,wont
1036,pant
1037,pest
1038,pint
1039,punt
1040,test
1041,text
1042,tint
1043,vest
1044,wine
1045,wing
1046,wink
1047,winy
1048,tole
1049,toll
1050,wall
1051,will
1052,wilt
1053,wile
1054,wily
1055,wolf
1056,wood
1057,word
1058,shiv
1059,whim
1060,what
1061,whom
1062,clay
1063,flay
1064,play
1065,spry
1066,away
1067,choc
1068,crow
1069,craw
1070,drew
1071,grew
1072,know
1073,snob
1074,snog
1075,ghee
1076,wren
1077,aloe
1078,blot
1079,clot
1080,plot
1081,knot
1082,boot
1083,coot
1084,foot
1085,hoot
1086,loot
1087,moot
1088,root
1089,soft
1090,sort
1091,toot
1092,chap
1093,chip
1094,clop
1095,coop
1096,crop
1097,whip
1098,flop
1099,glop
1100,plop
1101,whoa
1102,blob
1103,bloc
1104,brow
1105,pleb
1106,flog
1107,blue
1108,clue
1109,flus
1110,flub
1111,glue
1112,tree
1113,glen
1114,flab
1115,flag
1116,flak
1117,flan
1118,flap
1119,clan
1120,clap
1121,blab
1122,snag
1123,snap
1124,glob
1125,grow
1126,plod
1127,ploy
1128,prow
1129,clog
1130,smog
1131,lair
1132,mail
1133,maim
1134,pail
1135,pair
1136,rail
1137,bail
1138,fail
1139,hail
1140,jail
1141,nail
1142,soil
1143,tail
1144,wail
1145,akin
1146,alum
1147,glum
1148,plum
1149,swig
1150,knit
1151,unit
1152,chin
1153,plug
1154,smug
1155,snug
1156,foul
1157,loud
1158,lout
1159,poor
1160,pouf
1161,pout
1162,nous
1163,yous
1164,sock
1165,coup
1166,tout
1167,crux
1168,cabs
1169,cobs
1170,cube
1171,cads
1172,cods
1173,caps
1174,cops
1175,burs
1176,cars
1177,furs
1178,ours
1179,buss
1180,cusp
1181,muss
1182,cats
1183,cute
1184,outs
1185,tuts
1186,care
1187,carp
1188,cart
1189,core
1190,cork
1191,corm
1192,corn
1193,lord
1194,burl
1195,cull
1196,hurl
1197,purl
1198,cult
1199,hurt
1200,yurt
1201,hobs
1202,fugs
1203,hags
1204,hogs
1205,huge
1206,jugs
1207,mugs
1208,tugs
1209,hams
1210,hats
1211,ribs
1212,robs
1213,ruby
1214,rags
1215,rigs
1216,rams
1217,rump
1218,rung
1219,rune
1220,rats
1221,docs
1222,dogs
1223,dons
1224,doss
1225,dabs
1226,dads
1227,dude
1228,dull
1229,dags
1230,dune
1231,dung
1232,dunk
1233,nabs
1234,nobs
1235,bobs
1236,jobs
1237,lobs
1238,mobs
1239,yobs
1240,tabs
1241,tuba
1242,tube
1243,mods
1244,pads
1245,pods
1246,hods
1247,nods
1248,rods
1249,soda
1250,bump
1251,guys
1252,moms
1253,dump
1254,jump
1255,lump
1256,pump
1257,tams
1258,bung
1259,bunk
1260,gunk
1261,punk
1262,puny
1263,yins
1264,hung
1265,lung
1266,hunk
1267,junk
1268,suck
1269,sulk
1270,cons
1271,eons
1272,ions
1273,tuna
1274,tune
1275,pupa
1276,baps
1277,gaps
1278,haps
1279,laps
1280,maps
1281,naps
1282,raps
1283,taps
1284,yaps
1285,zaps
1286,kips
1287,rips
1288,yips
1289,zips
1290,bops
1291,hops
1292,lops
1293,mops
1294,oops
1295,duck
1296,bust
1297,dusk
1298,gust
1299,just
1300,must
1301,oust
1302,rust
1303,quid
1304,quin
1305,quip
1306,quiz
1307,lire
1308,lore
1309,lube
1310,luge
1311,lurk
1312,lute
1313,lyre
1314,pare
1315,pore
1316,puce
1317,puke
1318,pule
1319,purr
1320,pyre
1321,dire
1322,fire
1323,mire
1324,side
1325,size
1326,tire
1327,wire
1328,bore
1329,fore
1330,gore
1331,more
1332,sole
1333,some
1334,tore
1335,wore
1336,yore
1337,self
1338,ados
1339,bide
1340,hide
1341,ride
1342,tide
1343,wide
1344,bias
1345,bibs
1346,kiss
1347,lads
1348,lido
1349,awry
1350,miry
1351,wiry
1352,fibs
1353,figs
1354,firm
1355,bile
1356,file
1357,male
1358,mike
1359,mime
1360,mite
1361,mice
1362,mule
1363,pile
1364,rile
1365,tile
1366,vile
1367,bilk
1368,silk
1369,bill
1370,dill
1371,hill
1372,kill
1373,mall
1374,mull
1375,pill
1376,rill
1377,sill
1378,till
1379,hilt
1380,jilt
1381,kilt
1382,lilt
1383,mist
1384,mitt
1385,silt
1386,tilt
1387,mass
1388,moss
1389,jibs
1390,lily
1391,only
1392,opts
1393,cams
1394,dais
1395,damp
1396,days
1397,jams
1398,lams
1399,yams
1400,gigs
1401,jigs
1402,wigs
1403,dice
1404,dike
1405,dine
1406,dive
1407,dome
1408,lime
1409,rime
1410,time
1411,ding
1412,icky
1413,obit
1414,baas
1415,boas
1416,eras
1417,crag
1418,drag
1419,boat
1420,drat
1421,prat
1422,clod
1423,coal
1424,foal
1425,coat
1426,ghat
1427,gnat
1428,gout
1429,goof
1430,goon
1431,goop
1432,loaf
1433,loam
1434,loan
1435,crib
1436,draw
1437,drub
1438,drum
1439,trey
1440,troy
1441,wrap
1442,prod
1443,trot
1444,from
1445,pros
1446,prof
1447,twig
1448,fair
1449,faun
1450,fawn
1451,lawn
1452,loin
1453,pawn
1454,rein
1455,ruin
1456,vein
1457,waif
1458,warn
1459,baht
1460,bast
1461,waft
1462,wart
1463,watt
1464,chit
1465,whiz
1466,deli
1467,doll
1468,vial
1469,veil
1470,boor
1471,doom
1472,moor
1473,dart
1474,dirk
1475,fief
1476,limn
1477,lion
1478,mien
1479,fads
1480,fats
1481,fays
1482,keno
1483,fuse
1484,mesa
1485,mesh
1486,cogs
1487,fogy
1488,jogs
1489,ball
1490,boll
1491,bull
1492,call
1493,gall
1494,hall
1495,pall
1496,tall
1497,film
1498,gull
1499,hull
1500,lull
1501,null
1502,pull
1503,fury
1504,fife
1505,five
1506,kine
1507,line
1508,nine
1509,pine
1510,tine
1511,vine
1512,king
1513,kink
1514,folk
1515,fort
1516,fool
1517,fork
1518,form
1519,pone
1520,pong
1521,pony
1522,bolt
1523,jest
1524,nest
1525,zest
1526,fist
1527,next
1528,that
1529,pelf
1530,gabs
1531,gads
1532,gags
1533,gala
1534,gale
1535,gars
1536,gays
1537,pals
1538,gone
1539,boos
1540,coos
1541,loos
1542,moos
1543,zoos
1544,girl
1545,gift
1546,gist
1547,giro
1548,bola
1549,bole
1550,cola
1551,colt
1552,gulf
1553,solo
1554,temp
1555,hair
1556,hoax
1557,haft
1558,dole
1559,hale
1560,home
1561,hone
1562,hope
1563,hose
1564,pole
1565,role
1566,vole
1567,hoof
1568,hook
1569,hoop
1570,bars
1571,barb
1572,bare
1573,barf
1574,bark
1575,barn
1576,dare
1577,fare
1578,hake
1579,hate
1580,have
1581,haze
1582,mare
1583,rare
1584,tare
1585,ware
1586,dark
1587,hack
1588,hawk
1589,lark
1590,mark
1591,farm
1592,warm
1593,hasp
1594,tarp
1595,warp
1596,halt
1597,mart
1598,part
1599,tart
1600,wars
1601,wary
1602,yarn
1603,very
1604,hike
1605,hive
1606,mete
1607,hunt
1608,moon
1609,morn
1610,most
1611,mast
1612,salt
1613,jolt
1614,volt
1615,mode
1616,mope
1617,mote
1618,moue
1619,move
1620,midi
1621,link
1622,monk
1623,oink
1624,pink
1625,jinx
1626,pars
1627,pass
1628,pays
1629,ping
1630,papa
1631,pipe
1632,pols
1633,pope
1634,refs
1635,revs
1636,eats
1637,mats
1638,oats
1639,pate
1640,path
1641,tats
1642,pita
1643,pith
1644,pity
1645,putt
1646,pawl
1647,back
1648,bock
1649,buck
1650,deco
1651,desk
1652,dock
1653,hick
1654,hock
1655,nick
1656,jack
1657,lack
1658,mack
1659,pace
1660,pact
1661,rack
1662,tack
1663,kick
1664,lick
1665,pica
1666,rick
1667,sick
1668,tick
1669,wick
1670,jock
1671,lock
1672,mock
1673,rock
1674,luck
1675,muck
1676,ruck
1677,tuck
1678,para
1679,port
1680,work
1681,noon
1682,foam
1683,room
1684,roof
1685,rook
1686,raft
1687,rapt
1688,aunt
1689,ting
1690,zing
1691,risk
1692,dawn
1693,boon
1694,loon
1695,earn
1696,tars
1697,taro
1698,born
1699,horn
1700,tort
1701,tori
1702,worn
1703,burn
1704,khan
1705,thaw
1706,twee
1707,this
1708,twin
1709,bass
1710,tads
1711,bode
1712,body
1713,boss
1714,redo
1715,jags
1716,nags
1717,tags
1718,wags
1719,bate
1720,bath
1721,zeta
1722,bite
1723,cays
1724,hays
1725,jays
1726,lays
1727,mays
1728,nays
1729,rays
1730,ways
1731,joys
1732,labs
1733,lacs
1734,lavs
1735,loge
1736,logo
1737,logy
1738,lash
1739,last
1740,list
1741,lost
1742,lose
1743,late
1744,lath
1745,lite
1746,jute
1747,kite
1748,kith
1749,cite
1750,rite
1751,with
1752,cote
1753,dote
1754,moth
1755,rota
1756,rote
1757,tote
1758,vacs
1759,defy
1760,macs
1761,mars
1762,jabs
1763,jars
1764,saga
1765,sago
1766,sash
1767,yaks
1768,yawl
1769,yawn
1770,bowl
1771,cowl
1772,taus
1773,tiny
1774,tone
1775,toga
1776,tomb
1777,tome
1778,wade
1779,wadi
1780,woke
1781,woof
1782,wool
1783,berg
1784,atom
1785,bale
1786,balk
1787,balm
1788,babe
1789,bake
1790,base
1791,bask
1792,butt
1793,cone
1794,done
1795,lone
1796,none
1797,zone
1798,gong
1799,long
1800,book
1801,conk
1802,honk
1803,wonk
1804,boxy
1805,cony
1806,lace
1807,lade
1808,lake
1809,lame
1810,lave
1811,laze
1812,lift
1813,loft
1814,lino
1815,cafe
1816,cage
1817,cake
1818,cape
1819,case
1820,cave
1821,came
1822,mace
1823,made
1824,make
1825,many
1826,mate
1827,maze
1828,page
1829,pale
1830,pave
1831,rage
1832,wage
1833,fake
1834,rake
1835,take
1836,wake
1837,dale
1838,kale
1839,tale
1840,vale
1841,wale
1842,fame
1843,game
1844,name
1845,tame
1846,date
1847,fate
1848,gate
1849,rate
1850,gave
1851,nave
1852,rave
1853,wave
1854,vase
1855,talk
1856,task
1857,cast
1858,daft
1859,kept
1860,wort
1861,past
1862,peso
1863,post
1864,psst
1865,vast
1866,wife
1867,wipe
1868,wise
1869,wive
1870,loll
1871,poll
1872,roll
1873,toil
1874,tool
1875,walk
1876,worm
1877,chat
1878,cloy
1879,plan
1880,chic
1881,knob
1882,knew
1883,boom
1884,bout
1885,cook
1886,cool
1887,cost
1888,host
1889,look
1890,loom
1891,loop
1892,riot
1893,rout
1894,sift
1895,sofa
1896,took
1897,char
1898,chis
1899,frog
1900,club
1901,plus
1902,glut
1903,trek
1904,true
1905,elan
1906,cyan
1907,blah
1908,glib
1909,grog
1910,marl
1911,maul
1912,moil
1913,roil
1914,bawl
1915,boil
1916,foil
1917,haul
1918,naif
1919,coil
1920,arum
1921,fowl
1922,poof
1923,pooh
1924,pool
1925,poet
1926,noun
1927,taut
1928,coda
1929,code
1930,capo
1931,cope
1932,copy
1933,burg
1934,burp
1935,burr
1936,bury
1937,ears
1938,oars
1939,bush
1940,busk
1941,busy
1942,muse
1943,mush
1944,musk
1945,mute
1946,tutu
1947,camp
1948,coke
1949,come
1950,cove
1951,dorm
1952,norm
1953,hobo
1954,robe
1955,ramp
1956,romp
1957,rule
1958,ruse
1959,doge
1960,dose
1961,dado
1962,duke
1963,dupe
1964,nude
1965,duly
1966,dyne
1967,lobe
1968,node
1969,rode
1970,dumb
1971,lamp
1972,limp
1973,pomp
1974,pulp
1975,puma
1976,tamp
1977,bulk
1978,hulk
1979,husk
1980,such
1981,gape
1982,nape
1983,tape
1984,ripe
1985,lope
1986,oohs
1987,disk
1988,rusk
1989,tusk
1990,gush
1991,mutt
1992,rush
1993,quad
1994,life
1995,like
1996,lira
1997,live
1998,lode
1999,love
2000,murk
2001,byre
2002,poke
2003,pose
2004,nuke
2005,pike
2006,gory
2007,yoke
2008,bike
2009,rice
2010,rife
2011,rise
2012,rive
2013,tidy
2014,lady
2015,limo
2016,ludo
2017,mica
2018,nice
2019,vice
2020,vibe
2021,vise
2022,silo
2023,kiln
2024,kilo
2025,mash
2026,mask
2027,mosh
2028,jibe
2029,vamp
2030,drys
2031,jamb
2032,lama
2033,lamb
2034,dace
2035,diva
2036,dove
2037,give
2038,jive
2039,dope
2040,doze
2041,limb
2042,omit
2043,ergs
2044,errs
2045,etas
2046,drug
2047,coax
2048,gnaw
2049,daub
2050,join
2051,bash
2052,east
2053,fast
2054,viol
2055,zoom
2056,kirk
2057,fade
2058,fume
2059,foxy
2060,bulb
2061,calf
2062,calm
2063,half
2064,halo
2065,palm
2066,talc
2067,gulp
2068,hula
2069,lulu
2070,jury
2071,vino
2072,yolk
2073,poky
2074,posy
2075,fish
2076,gaga
2077,gaze
2078,garb
2079,rift
2080,gyro
2081,kola
2082,coca
2083,coma
2084,guff
2085,polo
2086,hype
2087,rope
2088,nose
2089,rose
2090,rove
2091,roue
2092,vote
2093,kook
2094,nook
2095,daze
2096,face
2097,faro
2098,faze
2099,hazy
2100,raze
2101,race
2102,gawk
2103,gasp
2104,hash
2105,rasp
2106,wasp
2107,tact
2108,nary
2109,vary
2110,wavy
2111,waxy
2112,fete
2113,note
2114,mono
2115,math
2116,oafs
2117,oaks
2118,oath
2119,city
2120,demo
2121,lacy
2122,fact
2123,racy
2124,taco
2125,rich
2126,loch
2127,loco
2128,loci
2129,much
2130,zinc
2131,earl
2132,tyro
2133,phis
2134,thus
2135,bosh
2136,byte
2137,both
2138,mayo
2139,whys
2140,lava
2141,cash
2142,dash
2143,gash
2144,lush
2145,rash
2146,wash
2147,lisp
2148,wish
2149,myth
2150,iota
2151,yowl
2152,howl
2153,jowl
2154,yoga
2155,bomb
2156,comb
2157,womb
2158,jade
2159,joke
2160,baby
2161,ease
2162,cask
2163,cozy
2164,lazy
2165,caff
2166,jape
2167,zany
2168,tyke
2169,gamy
2170,data
2171,navy
2172,cyst
2173,kepi
2174,posh
2175,wisp
2176,anew
2177,knee
2178,cosh
2179,roux
2180,czar
2181,chub
2182,coif
2183,coir
2184,poem
2185,cede
2186,buoy
2187,hush
2188,push
2189,tush
2190,dory
2191,dodo
2192,duty
2193,gimp
2194,ouch
2195,type
2196,disc
2197,dish
2198,gosh
2199,quay
2200,riff
2201,judo
2202,gibe
2203,visa
2204,josh
2205,nosh
2206,iamb
2207,mama
2208,viva
2209,dopa
2210,dozy
2211,ooze
2212,emit
2213,eggs
2214,ergo
2215,john
2216,easy
2217,erst
2218,luau
2219,nosy
2220,rosy
2221,ceca
2222,coco
2223,buff
2224,cuff
2225,duff
2226,gaff
2227,huff
2228,luff
2229,muff
2230,puff
2231,ruff
2232,hypo
2233,razz
2234,gawp
2235,narc
2236,offs
2237,memo
2238,lech
2239,typo
2240,psis
2241,thud
2242,thug
2243,kayo
2244,java
2245,yogi
2246,else
2247,oozy
2248,chug
2249,chum
2250,biff
2251,miff
2252,tiff
2253,edit
2254,emir
2255,exit
2256,egos
2257,coho
2258,doff
2259,jazz
